ecosystem_path_id	ecosystem	ecosystem_category	ecosystem_type	ecosystem_subtype	specific_ecosystem	biome_label	biome_iri	material_label	material_iri	feature_label	feature_iri
	Environmental					environmental system	ENVO:01000254				
	Environmental	Air						air	ENVO:00002005		
	Environmental	Air	Indoor Air							building	ENVO:00000073
	Environmental	Air	Outdoor Air							nitrogen-oxygen planetary atmosphere	ENVO:01000811
	Environmental	Aquatic				aquatic biome	ENVO:00002030				
	Environmental	Aquatic	Aquaculture			aquatic biome	ENVO:00002030				FOODON:03520111
	Environmental	Aquatic	Estuary			estuarine biome	ENVO:01000020			estuary	ENVO:00000045
	Environmental	Aquatic	Estuary	Sediment		estuarine biome	ENVO:01000020	sediment	ENVO:00002007		
	Environmental	Aquatic	Freshwater			freshwater biome	ENVO:00000873	fresh water	ENVO:00002011		
	Environmental	Aquatic	Freshwater	Drinking water		freshwater biome	ENVO:00000873	drinking water	ENVO:00003064		
	Environmental	Aquatic	Freshwater	Drinking water	Chlorinated	freshwater biome	ENVO:00000873		FOODON:03301647		
	Environmental	Aquatic	Freshwater	Drinking water	Delivery networks					plumbing fixture	ENVO:01000989
	Environmental	Aquatic	Freshwater	Groundwater		freshwater biome	ENVO:00000873	groundwater	ENVO:01001004		
	Environmental	Aquatic	Freshwater	Groundwater	Acid Mine Drainage	freshwater biome	ENVO:00000873			acid mine drainage	ENVO:00001997
	Environmental	Aquatic	Freshwater	Groundwater	Biofilm	freshwater biome	ENVO:00000873			biofilm	ENVO:00002034
	Environmental	Aquatic	Freshwater	Groundwater	Cave water	freshwater biome	ENVO:00000873	cave	ENVO:00000067		
	Environmental	Aquatic	Freshwater	Groundwater	Coalbed water	freshwater biome	ENVO:00000873	coal	ENVO:02000091		
	Environmental	Aquatic	Freshwater	Groundwater	Contaminated	freshwater biome	ENVO:00000873	contaminated water	ENVO:00002186		
	Environmental	Aquatic	Freshwater	Groundwater	Mine	aquatic biome	ENVO:00002030			mine	ENVO:00000076
	Environmental	Aquatic	Freshwater	Groundwater	Mine drainage	freshwater biome	ENVO:00000873	mine drainage	ENVO:00001996		
	Environmental	Aquatic	Freshwater	Ice		freshwater biome	ENVO:00000873	water ice	ENVO:01000277		
	Environmental	Aquatic	Freshwater	Ice	Glacial lake	freshwater lake biome	ENVO:01000252			glacial lake	ENVO:00000488
	Environmental	Aquatic	Freshwater	Ice	Glacier	freshwater biome	ENVO:00000873	glacier	ENVO:00000133	glacial feature	ENVO:00000131
	Environmental	Aquatic	Freshwater	Ice	Ice accretions	freshwater biome	ENVO:00000873	ice mass	ENVO:01000293		
	Environmental	Aquatic	Freshwater	Lake		freshwater lake biome	ENVO:01000252	freshwater lake	ENVO:00000021		
	Environmental	Aquatic	Freshwater	Lentic		freshwater biome	ENVO:00000873			lentic water body	ENVO:01000617
	Environmental	Aquatic	Freshwater	Lentic	Epilimnion	freshwater lake biome	ENVO:01000252			epilimnion	ENVO:00002131
	Environmental	Aquatic	Freshwater	Lentic	Hypolimnion	freshwater lake biome	ENVO:01000252			hypolimnion	ENVO:00002130
	Environmental	Aquatic	Freshwater	Lentic	Limnetic zone	freshwater lake biome	ENVO:01000252				
	Environmental	Aquatic	Freshwater	Lentic	Littoral zone	freshwater biome	ENVO:00000873				
	Environmental	Aquatic	Freshwater	Lentic	Sediment	freshwater biome	ENVO:00000873	sediment	ENVO:00002007		
	Environmental	Aquatic	Freshwater	Lotic		freshwater biome	ENVO:00000873	lotic water body	ENVO:01000618		
	Environmental	Aquatic	Freshwater	Lotic	Acidic	acidic environment	ENVO:01000315				
	Environmental	Aquatic	Freshwater	Lotic	Low land river systems	freshwater river biome	ENVO:01000253				
	Environmental	Aquatic	Freshwater	Lotic	Microbial mats	freshwater biome	ENVO:00000873			microbial mat	ENVO:01000008
	Environmental	Aquatic	Freshwater	Lotic	Mid stream	freshwater biome	ENVO:00000873				
	Environmental	Aquatic	Freshwater	Lotic	Sediment	freshwater biome	ENVO:00000873	sediment permeated by freshwater	ENVO:01001028		
	Environmental	Aquatic	Freshwater	Microbialites		freshwater biome	ENVO:00000873				
	Environmental	Aquatic	Freshwater	Pond		freshwater biome	ENVO:00000873			pond	ENVO:00000033
	Environmental	Aquatic	Freshwater	Pond	Sediment	freshwater biome	ENVO:00000873	sediment permeated by freshwater	ENVO:01001028		
	Environmental	Aquatic	Freshwater	Sediment		freshwater biome	ENVO:00000873	sediment permeated by freshwater	ENVO:01001028		
	Environmental	Aquatic	Freshwater	Storm water		freshwater biome	ENVO:00000873	stormwater	ENVO:01001267		
	Environmental	Aquatic	Freshwater	Storm water	Drainage pipe biofilm			biofilm material	ENVO:01000156	plumbing drain	ENVO:01000924
	Environmental	Aquatic	Freshwater	Subglacial lake		freshwater lake biome	ENVO:01000252			subglacial lake	ENVO:03000120
	Environmental	Aquatic	Freshwater	Wetlands		freshwater wetland ecosystem	ENVO:00000243				
	Environmental	Aquatic	Freshwater	Wetlands	Bog	freshwater wetland ecosystem	ENVO:00000243				
	Environmental	Aquatic	Freshwater	Wetlands	Marsh	freshwater marsh	ENVO:00000053				
	Environmental	Aquatic	Freshwater	Wetlands	Sediment	freshwater wetland ecosystem	ENVO:00000243	sediment permeated by freshwater	ENVO:01001028		
	Environmental	Aquatic	Freshwater	Wetlands	Swamp	swamp ecosystem	ENVO:00000233				
	Environmental	Aquatic	Lentic			aquatic biome	ENVO:00002030			lentic water body	ENVO:01000617
	Environmental	Aquatic	Lentic	Brackish		brackish water environment	ENVO:01000322	brackish water	ENVO:00002019		
	Environmental	Aquatic	Marine			marine biome	ENVO:00000447				
	Environmental	Aquatic	Marine	Brackish		brackish water environment	ENVO:01000322	brackish water	ENVO:00002019		
	Environmental	Aquatic	Marine	Coastal		marine biome	ENVO:00000447			coastal water body	ENVO:02000049
	Environmental	Aquatic	Marine	Coastal	Sediment	marine biome	ENVO:00000447	marine sediment	ENVO:03000033		
	Environmental	Aquatic	Marine	Cold seeps		marine cold seep biome	ENVO:01000127			cold seep	ENVO:01000263
	Environmental	Aquatic	Marine	Cold seeps	Sediment	marine cold seep biome	ENVO:01000127	marine sediment	ENVO:03000033		
	Environmental	Aquatic	Marine	Fossil		marine biome	ENVO:00000447			fossil	ENVO:00002164
	Environmental	Aquatic	Marine	Fossil	Whale fall	marine biome	ENVO:00000447			whale fall	ENVO:01000140
	Environmental	Aquatic	Marine	Hydrothermal vents		marine hydrothermal vent biome	ENVO:01000030			hydrothermal vent	ENVO:00000215
	Environmental	Aquatic	Marine	Hydrothermal vents	Black smokers	marine black smoker biome	ENVO:01000051			black smoker	ENVO:00000218
	Environmental	Aquatic	Marine	Hydrothermal vents	Diffuse flow	marine hydrothermal vent biome	ENVO:01000030	hydrothermal fluid	ENVO:01000134		
	Environmental	Aquatic	Marine	Hydrothermal vents	Microbial mats	marine hydrothermal vent biome	ENVO:01000030			microbial mat	ENVO:01000008
	Environmental	Aquatic	Marine	Hydrothermal vents	Sediment	marine hydrothermal vent biome	ENVO:01000030	marine sediment	ENVO:03000033		
	Environmental	Aquatic	Marine	Intertidal zone		intertidal ecosystem	ENVO:01001468				
	Environmental	Aquatic	Marine	Intertidal zone	Beach	intertidal ecosystem	ENVO:01001468			beach	ENVO:00000091
	Environmental	Aquatic	Marine	Intertidal zone	Coral reef	marine coral reef biome	ENVO:01000049			coral reef	ENVO:00000150
	Environmental	Aquatic	Marine	Intertidal zone	Estuary	estuarine biome	ENVO:01000020			estuary	ENVO:00000045
	Environmental	Aquatic	Marine	Intertidal zone	Mangrove swamp	mangrove swamp	ENVO:00000057				
	Environmental	Aquatic	Marine	Intertidal zone	Microbialites	intertidal ecosystem	ENVO:01001468				
	Environmental	Aquatic	Marine	Intertidal zone	Oil-contaminated	intertidal ecosystem	ENVO:01001468	oil	ENVO:00002985		
	Environmental	Aquatic	Marine	Intertidal zone	Salt marsh	marine salt marsh biome	ENVO:01000022				
	Environmental	Aquatic	Marine	Intertidal zone	Sediment	intertidal ecosystem	ENVO:01001468	intertidal sediment	ENVO:00002179		
	Environmental	Aquatic	Marine	Marginal Sea		marginal sea biome	ENVO:01000046				
	Environmental	Aquatic	Marine	Neritic zone		neritic pelagic zone biome	ENVO:01000032				
	Environmental	Aquatic	Marine	Neritic zone	Oil-contaminated sediment			oil	ENVO:00002985		
	Environmental	Aquatic	Marine	Neritic zone	Sediment	neritic pelagic zone biome	ENVO:01000032	marine sediment	ENVO:03000033		
	Environmental	Aquatic	Marine	Oceanic		ocean biome	ENVO:01000048				
	Environmental	Aquatic	Marine	Oceanic	Abyssal plane	marine abyssal zone biome	ENVO:01000027			abyssal plain	ENVO:00000244
	Environmental	Aquatic	Marine	Oceanic	Aphotic zone	ocean biome	ENVO:01000048			marine aphotic zone	ENVO:00000210
	Environmental	Aquatic	Marine	Oceanic	Benthic	marine benthic biome	ENVO:01000024			marine benthic feature	ENVO:01000105
	Environmental	Aquatic	Marine	Oceanic	Oil-contaminated	ocean biome	ENVO:01000048	oil	ENVO:00002985		
	Environmental	Aquatic	Marine	Oceanic	Oil-contaminated sediments	ocean biome	ENVO:01000048	contaminated sediment	ENVO:00002114	oil	ENVO:00002985
	Environmental	Aquatic	Marine	Oceanic	Photic zone	ocean biome	ENVO:01000048			marine photic zone	ENVO:00000209
	Environmental	Aquatic	Marine	Oceanic	Sediment	ocean biome	ENVO:01000048	marine sediment	ENVO:03000033		
	Environmental	Aquatic	Marine	Oil field		marine biome	ENVO:00000447	oil field production water	ENVO:00002194		
	Environmental	Aquatic	Marine	Oil field	bore hole	marine biome	ENVO:00000447	bore hole water	ENVO:00003097	borehole	ENVO:00002226
	Environmental	Aquatic	Marine	Oil seeps		marine biome	ENVO:00000447	oil seep	ENVO:00002063		
	Environmental	Aquatic	Marine	Oil-contaminated sediment				contaminated sediment	ENVO:00002114	oil	ENVO:00002985
	Environmental	Aquatic	Marine	Pelagic		marine pelagic biome	ENVO:01000023				
	Environmental	Aquatic	Marine	Sediment		marine biome	ENVO:00000447	marine sediment	ENVO:03000033		
	Environmental	Aquatic	Marine	Volcanic		marine biome	ENVO:00000447				
	Environmental	Aquatic	Marine	Wetlands		coastal wetland ecosystem	ENVO:00000230				
	Environmental	Aquatic	Marine	Wetlands	Sediment	wetland ecosystem	ENVO:01001209	sediment	ENVO:00002007		
	Environmental	Aquatic	Meromictic lake			aquatic biome	ENVO:00002030			meromictic lake	ENVO:00000199
	Environmental	Aquatic	Non-marine Saline and Alkaline			aquatic biome	ENVO:00002030				
	Environmental	Aquatic	Non-marine Saline and Alkaline	Alkaline		alkaline environment	ENVO:01000316				
	Environmental	Aquatic	Non-marine Saline and Alkaline	Alkaline	Carbonate	alkaline environment	ENVO:01000316				
	Environmental	Aquatic	Non-marine Saline and Alkaline	Alkaline	Microbial mats	alkaline environment	ENVO:01000316			microbial mat	ENVO:01000008
	Environmental	Aquatic	Non-marine Saline and Alkaline	Alkaline	Sediment	alkaline environment	ENVO:01000316	sediment	ENVO:00002007		
	Environmental	Aquatic	Non-marine Saline and Alkaline	Hypersaline		hypersaline water environment	ENVO:01001043				
	Environmental	Aquatic	Non-marine Saline and Alkaline	Hypersaline	Microbial mats	hypersaline water environment	ENVO:01001043			microbial mat	ENVO:01000008
	Environmental	Aquatic	Non-marine Saline and Alkaline	Hypersaline	Sediment	hypersaline water environment	ENVO:01001043	sediment permeated by saline water	ENVO:01001036		
	Environmental	Aquatic	Non-marine Saline and Alkaline	Near-boiling (>90C)		extreme high temperature environment	ENVO:01000318				
	Environmental	Aquatic	Non-marine Saline and Alkaline	Near-boiling (>90C)	Alkaline	alkaline environment	ENVO:01000316				
	Environmental	Aquatic	Non-marine Saline and Alkaline	Saline		saline water environment	ENVO:01000307				
	Environmental	Aquatic	Non-marine Saline and Alkaline	Saline	Athalassic	saline water environment	ENVO:01000307			saline lake	ENVO:00000019
	Environmental	Aquatic	Non-marine Saline and Alkaline	Saline	Epilimnion	saline water environment	ENVO:01000307			epilimnion	ENVO:00002131
	Environmental	Aquatic	Non-marine Saline and Alkaline	Saline	Hypolimnion	saline water environment	ENVO:01000307			hypolimnion	ENVO:00002130
	Environmental	Aquatic	Non-marine Saline and Alkaline	Saline	Microbial mats	saline water environment	ENVO:01000307			microbial mat	ENVO:01000008
	Environmental	Aquatic	Non-marine Saline and Alkaline	Saline	Sediment	saline water environment	ENVO:01000307	sediment permeated by saline water	ENVO:01001036		
	Environmental	Aquatic	Non-marine Saline and Alkaline	Saline	Thalassic	saline water environment	ENVO:01000307				
	Environmental	Aquatic	Non-marine Saline and Alkaline	Salt crystallizer pond		saline water environment	ENVO:01000307			saline evaporation pond	ENVO:00000055
	Environmental	Aquatic	Non-marine Saline and Alkaline	Salt crystallizer pond	Microbial mats	aquatic biome	ENVO:00002030			microbial mat	ENVO:01000008
	Environmental	Aquatic	Sediment			aquatic biome	ENVO:00002030	sediment	ENVO:00002007		
	Environmental	Aquatic	Thermal springs			aquatic biome	ENVO:00002030			hot spring	ENVO:00000051
	Environmental	Aquatic	Thermal springs	Hot (42-90C)		high temperature environment	ENVO:01000305				
	Environmental	Aquatic	Thermal springs	Hot (42-90C)	Acidic	high temperature environment	ENVO:01000305			acid hot spring	ENVO:00002120
	Environmental	Aquatic	Thermal springs	Hot (42-90C)	Alkaline	high temperature environment	ENVO:01000305			alkaline hot spring	ENVO:00002119
	Environmental	Aquatic	Thermal springs	Hot (42-90C)	Neutral	high temperature environment	ENVO:01000305			neutral hot spring	ENVO:00002181
	Environmental	Aquatic	Thermal springs	Hot (42-90C)	Sediment	high temperature environment	ENVO:01000305	sediment	ENVO:00002007		
	Environmental	Aquatic	Thermal springs	Near-boiling (>90C)		extreme high temperature environment	ENVO:01000318				
	Environmental	Aquatic	Thermal springs	Near-boiling (>90C)	Alkaline	extreme high temperature environment	ENVO:01000318			alkaline hot spring	ENVO:00002119
	Environmental	Aquatic	Thermal springs	Sediment		aquatic biome	ENVO:00002030	sediment	ENVO:00002007		
	Environmental	Aquatic	Thermal springs	Tepid (25-34C)		aquatic biome	ENVO:00002030				
	Environmental	Aquatic	Thermal springs	Tepid (25-34C)	Sediment	aquatic biome	ENVO:00002030	sediment	ENVO:00002007		
	Environmental	Aquatic	Thermal springs	Warm (34-42C)							
	Environmental	Aquatic	Thermal springs	Warm (34-42C)	Neutral	aquatic biome	ENVO:00002030			neutral hot spring	ENVO:00002181
	Environmental	Aquatic	Thermal springs	Warm (34-42C)	Sediment	aquatic biome	ENVO:00002030	sediment	ENVO:00002007		
	Environmental	Terrestrial				terrestrial biome	ENVO:00000446				
	Environmental	Terrestrial	Agricultural field			cropland biome	ENVO:01000245			agricultural field	ENVO:00000114
	Environmental	Terrestrial	Asphalt lakes			terrestrial biome	ENVO:00000446			asphalt lake	ENVO:00000165
	Environmental	Terrestrial	Asphalt lakes	Tar		terrestrial biome	ENVO:00000446	asphalt	ENVO:01000460		
	Environmental	Terrestrial	Deep subsurface			terrestrial biome	ENVO:00000446				
	Environmental	Terrestrial	Deep subsurface	Clay		terrestrial biome	ENVO:00000446	clay	ENVO:00002982		
	Environmental	Terrestrial	Geologic			terrestrial biome	ENVO:00000446	solid astronomical body part	ENVO:00000191		
	Environmental	Terrestrial	Geologic	Mine		terrestrial biome	ENVO:00000446	mine	ENVO:00000076		
	Environmental	Terrestrial	Oil reservoir			terrestrial biome	ENVO:00000446	oil reservoir	ENVO:00002185		
	Environmental	Terrestrial	Rock-dwelling (subaerial biofilm)			terrestrial biome	ENVO:00000446	rock	ENVO:00001995	biofilm	ENVO:00002034
	Environmental	Terrestrial	Soil			terrestrial biome	ENVO:00000446	soil	ENVO:00001998		
	Environmental	Terrestrial	Soil	Agricultural		cropland biome	ENVO:01000245	agricultural soil	ENVO:00002259		
	Environmental	Terrestrial	Soil	Boreal forest		subpolar coniferous forest biome	ENVO:01000250				
	Environmental	Terrestrial	Soil	Clay		terrestrial biome	ENVO:00000446	clay soil	ENVO:00002262		
	Environmental	Terrestrial	Soil	Clay	Agricultural land	cropland biome	ENVO:01000245	agricultural soil	ENVO:00002259		
	Environmental	Terrestrial	Soil	Clay	Contaminated	terrestrial biome	ENVO:00000446	contaminated soil	ENVO:00002116		
	Environmental	Terrestrial	Soil	Clay	Grasslands	grassland biome	ENVO:01000177				
	Environmental	Terrestrial	Soil	Clay	Oil-contaminated	terrestrial biome	ENVO:00000446	oil contaminated soil	ENVO:00002875		
	Environmental	Terrestrial	Soil	Contaminated		terrestrial biome	ENVO:00000446	contaminated soil	ENVO:00002116		
	Environmental	Terrestrial	Soil	Crop		cropland biome	ENVO:01000245				
	Environmental	Terrestrial	Soil	Crop	Agricultural land	cropland biome	ENVO:01000245	agricultural soil	ENVO:00002259		
	Environmental	Terrestrial	Soil	Desert		desert biome	ENVO:01000179			desert	ENVO:01001357
	Environmental	Terrestrial	Soil	Forest soil		forest biome	ENVO:01000174				
	Environmental	Terrestrial	Soil	Grasslands		grassland biome	ENVO:01000177				
	Environmental	Terrestrial	Soil	Loam		terrestrial biome	ENVO:00000446	loam	ENVO:00002258		
	Environmental	Terrestrial	Soil	Loam	Agricultural	cropland biome	ENVO:01000245	agricultural soil	ENVO:00002259		
	Environmental	Terrestrial	Soil	Loam	Contaminated	terrestrial biome	ENVO:00000446	contaminated soil	ENVO:00002116		
	Environmental	Terrestrial	Soil	Loam	Forest soil	forest biome	ENVO:01000174				
	Environmental	Terrestrial	Soil	Loam	Grasslands	grassland biome	ENVO:01000177				
	Environmental	Terrestrial	Soil	Mine		terrestrial biome	ENVO:00000446	mine	ENVO:00000076		
	Environmental	Terrestrial	Soil	Mine drainage		terrestrial biome	ENVO:00000446	mine drainage	ENVO:00001996		
	Environmental	Terrestrial	Soil	Oil-contaminated		terrestrial biome	ENVO:00000446	oil contaminated soil	ENVO:00002875		
	Environmental	Terrestrial	Soil	Permafrost		terrestrial biome	ENVO:00000446	permafrost	ENVO:00000134		
	Environmental	Terrestrial	Soil	Sand		terrestrial biome	ENVO:00000446	sand	ENVO:01000017	sand	ENVO:01000017
	Environmental	Terrestrial	Soil	Sand	Desert	desert biome	ENVO:01000179	desert sand	ENVO:00005800	desert	ENVO:01001357
	Environmental	Terrestrial	Soil	Sand	Forest soil	forest biome	ENVO:01000174				
	Environmental	Terrestrial	Soil	Sand	Grasslands	grassland biome	ENVO:01000177				
	Environmental	Terrestrial	Soil	Sand	Oil-contaminated	terrestrial biome	ENVO:00000446	oil contaminated soil	ENVO:00002875		
	Environmental	Terrestrial	Soil	Shrubland		shrubland biome	ENVO:01000176				
	Environmental	Terrestrial	Soil	Silt		terrestrial biome	ENVO:00000446	silt	ENVO:01000016		
	Environmental	Terrestrial	Soil	Tropical rainforest		forest ecosystem	ENVO:01001243	tropical soil	ENVO:00005778		
	Environmental	Terrestrial	Soil	Uranium contaminated		terrestrial biome	ENVO:00000446	contaminated soil	ENVO:00002116		
	Environmental	Terrestrial	Soil	Wetlands		wetland ecosystem	ENVO:01001209				
	Environmental	Terrestrial	Soil	Wetlands	Permafrost	wetland ecosystem	ENVO:01001209	permafrost	ENVO:00000134		
	Environmental	Terrestrial	Volcanic			terrestrial biome	ENVO:00000446			volcano	ENVO:00000247
	Environmental	Terrestrial	Volcanic	Fumaroles		terrestrial biome	ENVO:00000446			fumarole	ENVO:00000216
4845	Engineered	Artificial ecosystem	Mud microcosm	Unclassified	Unclassified						
4536	Engineered	Bioreactor	Aerobic	Unclassified	Unclassified						
4912	Engineered	Bioreactor	Anaerobic	Food waste	Unclassified						
4914	Engineered	Bioreactor	Anaerobic	Manure	Unclassified						
4442	Engineered	Bioreactor	Anaerobic	Unclassified	Unclassified						
4860	Engineered	Bioreactor	Continuous culture	Marine intertidal flat sediment inoculum	Unclassified						
4853	Engineered	Bioreactor	Continuous culture	Marine sediment inoculum	Unclassified						
4283	Engineered	Bioreactor	Continuous culture	Unclassified	Unclassified						
4282	Engineered	Bioreactor	Continuous culture	Unclassified	Wadden Sea-Germany						
4280	Engineered	Bioreactor	Unclassified	Unclassified	Unclassified						
4299	Engineered	Bioremediation	Hydrocarbon	Benzene	Bioreactor						
4452	Engineered	Bioremediation	Hydrocarbon	Methane	Unclassified						
4300	Engineered	Bioremediation	Hydrocarbon	Unclassified	Unclassified						
5087	Engineered	Bioremediation	Hydrocarbon	Xylene	Unclassified						
4306	Engineered	Bioremediation	Metal	Unclassified	Unclassified						
4305	Engineered	Bioremediation	Persistent organic pollutants (POP)	Polycyclic aromatic hydrocarbons	Unclassified						
4724	Engineered	Bioremediation	Persistent organic pollutants (POP)	Unclassified	Unclassified						
4722	Engineered	Bioremediation	Terephthalate	Unclassified	Unclassified						
4301	Engineered	Bioremediation	Terephthalate	Wastewater	Activated sludge						
4302	Engineered	Bioremediation	Terephthalate	Wastewater	Bioreactor						
4303	Engineered	Bioremediation	Terephthalate	Wastewater	Unclassified						
4297	Engineered	Bioremediation	Tetrachloroethylene and derivatives	Chloroethene	Bioreactor						
4298	Engineered	Bioremediation	Tetrachloroethylene and derivatives	Chloroethene	Unclassified						
4295	Engineered	Bioremediation	Tetrachloroethylene and derivatives	Tetrachloroethylene	Bioreactor						
4296	Engineered	Bioremediation	Tetrachloroethylene and derivatives	Tetrachloroethylene	Unclassified						
4436	Engineered	Bioremediation	Thiocyanate	Unclassified	Unclassified						
4304	Engineered	Bioremediation	Unclassified	Unclassified	Unclassified						
4313	Engineered	Biotransformation	Microbial enhanced oil recovery	Unclassified	Unclassified						
4312	Engineered	Biotransformation	Microbial solubilization of coal	Unclassified	Unclassified						
4315	Engineered	Biotransformation	Mixed alcohol bioreactor	Unclassified	Unclassified						
4314	Engineered	Biotransformation	Unclassified	Unclassified	Unclassified						
5111	Engineered	Built environment	Canal	Irrigation canal	Sediment						
4401	Engineered	Built environment	Canal	Unclassified	Unclassified						
4812	Engineered	Built environment	Cement wall	Unclassified	Unclassified						
4398	Engineered	Built environment	City	Park	Unclassified						
4396	Engineered	Built environment	City	Subway	Unclassified						
4403	Engineered	Built environment	City	Unclassified	Unclassified						
4494	Engineered	Built environment	Hospital	Unclassified	Unclassified						
4847	Engineered	Built environment	House	Doormat	Unclassified						
4405	Engineered	Built environment	House	Unclassified	Unclassified						
4659	Engineered	Built environment	International Space Station	Unclassified	Unclassified						
4868	Engineered	Built environment	Oil refinery	Crude oil sludge	Petroleum sludge						
4521	Engineered	Built environment	Oil refinery	Petroleum sludge	Product sludge						
4519	Engineered	Built environment	Oil refinery	Petroleum sludge	Unclassified						
4817	Engineered	Built environment	Oil refinery	Unclassified	Unclassified						
5259	Engineered	Built environment	Petroleum storage tank	Flotation cells	Produced water						
4665	Engineered	Built environment	Pipeline	Unclassified	Unclassified						
4639	Engineered	Built environment	Solar panel	Unclassified	Unclassified						
4635	Engineered	Built environment	Spacecraft Assembly Cleanrooms	Unclassified	Unclassified						
4704	Engineered	Built environment	Swine confinement building	Unclassified	Unclassified						
4469	Engineered	Built environment	Tailings pond	Unclassified	Unclassified						
4279	Engineered	Built environment	Unclassified	Unclassified	Unclassified						
4407	Engineered	Built environment	Water treatment plant	Unclassified	Unclassified						
4897	Engineered	Feedstock	Composting	Unclassified	Unclassified						
4253	Engineered	Food production	Dairy products	Unclassified	Unclassified						
4252	Engineered	Food production	Fermented beverages	Unclassified	Unclassified						
4251	Engineered	Food production	Fermented seafood	Unclassified	Unclassified						
4249	Engineered	Food production	Fermented vegetables	Unclassified	Unclassified						
4488	Engineered	Food production	Meat products	Unclassified	Unclassified						
4248	Engineered	Food production	Silage fermentation	Unclassified	Unclassified						
4250	Engineered	Food production	Unclassified	Unclassified	Unclassified						
4618	Engineered	Industrial production	Biochar	Unclassified	Unclassified						
4595	Engineered	Industrial production	Engineered product	Bioanode	Unclassified						
4612	Engineered	Industrial production	Engineered product	Biocathode	Unclassified						
4294	Engineered	Industrial production	Engineered product	Unclassified	Unclassified						
4293	Engineered	Industrial production	Unclassified	Unclassified	Unclassified						
4288	Engineered	Lab enrichment	Defined media	Aerobic media	Unclassified						
4289	Engineered	Lab enrichment	Defined media	Anaerobic media	Unclassified						
4291	Engineered	Lab enrichment	Defined media	Marine media	Unclassified						
4287	Engineered	Lab enrichment	Defined media	Unclassified	Unclassified						
4285	Engineered	Lab enrichment	Unclassified	Unclassified	Unclassified						
4286	Engineered	Lab enrichment	Undefined media	Unclassified	Unclassified						
4720	Engineered	Lab synthesis	Genetic cross	Unclassified	Unclassified						
4247	Engineered	Lab synthesis	Unclassified	Unclassified	Unclassified						
4726	Engineered	Laboratory developed	Genetically modified	Unclassified	Unclassified						
4729	Engineered	Laboratory developed	Unclassified	Unclassified	Unclassified						
4311	Engineered	Modeled	Simulated communities (DNA mixture)	Unclassified	Unclassified						
4308	Engineered	Modeled	Simulated communities (microbial mixture)	Unclassified	Unclassified						
4310	Engineered	Modeled	Simulated communities (sequence read mixture)	Sanger	Unclassified						
4309	Engineered	Modeled	Simulated communities (sequence read mixture)	Unclassified	Unclassified						
4307	Engineered	Modeled	Unclassified	Unclassified	Unclassified						
4390	Engineered	Paper	Currency notes	Unclassified	Unclassified						
4910	Engineered	Solid waste	Agricultural waste	Composting	Unclassified						
4936	Engineered	Solid waste	Animal waste	Composting	Unclassified						
4916	Engineered	Solid waste	Animal waste	Manure	Unclassified						
4278	Engineered	Solid waste	Animal waste	Unclassified	Unclassified						
4927	Engineered	Solid waste	Bagasse	Composting	Unclassified						
4930	Engineered	Solid waste	Cellulose associated waste	Composting	Unclassified						
4273	Engineered	Solid waste	Composting	Unclassified	Unclassified						
4893	Engineered	Solid waste	Feedstock	Composting	Unclassified						
4948	Engineered	Solid waste	Food waste	Composting	Unclassified						
4873	Engineered	Solid waste	Grass	Composting	Bioreactor						
4874	Engineered	Solid waste	Grass	Composting	Unclassified						
4907	Engineered	Solid waste	Household waste	Composting	Unclassified						
4939	Engineered	Solid waste	Industrial waste	Composting	Unclassified						
4277	Engineered	Solid waste	Landfill	Unclassified	Unclassified						
4954	Engineered	Solid waste	Latrine chamber	Composting	Unclassified						
4276	Engineered	Solid waste	Unclassified	Unclassified	Unclassified						
4966	Engineered	Solid waste	Unknown material	Composting	Bioreactor						
4967	Engineered	Solid waste	Unknown material	Composting	Unclassified						
4945	Engineered	Solid waste	Urban waste	Composting	Unclassified						
4934	Engineered	Solid waste	Vegetable	Composting	Unclassified						
4942	Engineered	Solid waste	Vermicompost	Unclassified	Unclassified						
4856	Engineered	Solid waste	Wood	Composting	Bioreactor						
4857	Engineered	Solid waste	Wood	Composting	Unclassified						
4924	Engineered	Solid waste	Zoo waste	Composting	Unclassified						
4292	Engineered	Unclassified	Unclassified	Unclassified	Unclassified						
4672	Engineered	WWTP	Wastewater	Unclassified	Unclassified						
4254	Engineered	Wastewater	Activated Sludge	Unclassified	Unclassified						
4271	Engineered	Wastewater	Anaerobic digestor	Unclassified	Unclassified						
4268	Engineered	Wastewater	Industrial wastewater	Agricultural wastewater	Unclassified						
4918	Engineered	Wastewater	Industrial wastewater	Hospital wastewater	Unclassified						
4269	Engineered	Wastewater	Industrial wastewater	Landfill leachate	Unclassified						
4690	Engineered	Wastewater	Industrial wastewater	Mine water	Sediment						
4270	Engineered	Wastewater	Industrial wastewater	Mine water	Unclassified						
4265	Engineered	Wastewater	Industrial wastewater	Petrochemical	Unclassified						
4266	Engineered	Wastewater	Industrial wastewater	Pulp and paper wastewater	Unclassified						
4267	Engineered	Wastewater	Industrial wastewater	Unclassified	Unclassified						
4262	Engineered	Wastewater	Nutrient removal	Biological phosphorus removal	Activated sludge						
4263	Engineered	Wastewater	Nutrient removal	Biological phosphorus removal	Bioreactor						
4730	Engineered	Wastewater	Nutrient removal	Biological phosphorus removal	Unclassified						
4257	Engineered	Wastewater	Nutrient removal	Dissolved organics (aerobic)	Activated sludge						
4258	Engineered	Wastewater	Nutrient removal	Dissolved organics (aerobic)	Unclassified						
4259	Engineered	Wastewater	Nutrient removal	Dissolved organics (anaerobic)	Activated sludge						
4260	Engineered	Wastewater	Nutrient removal	Dissolved organics (anaerobic)	Unclassified						
4256	Engineered	Wastewater	Nutrient removal	Nitrogen removal	Anammox						
4255	Engineered	Wastewater	Nutrient removal	Nitrogen removal	Unclassified						
4261	Engineered	Wastewater	Nutrient removal	Unclassified	Unclassified						
4662	Engineered	Wastewater	Sewage	Unclassified	Unclassified						
4264	Engineered	Wastewater	Unclassified	Unclassified	Unclassified						
4620	Environmental	Air	Indoor Air	Dust	Unclassified						
3961	Environmental	Air	Indoor Air	Unclassified	Unclassified						
3962	Environmental	Air	Outdoor Air	Unclassified	Unclassified						
3963	Environmental	Air	Unclassified	Unclassified	Unclassified						
3965	Environmental	Aquatic	Aquaculture	Unclassified	Unclassified						
4514	Environmental	Aquatic	Freshwater	Creek	Unclassified						
4059	Environmental	Aquatic	Freshwater	Drinking water	Chlorinated						
4058	Environmental	Aquatic	Freshwater	Drinking water	Delivery networks						
5122	Environmental	Aquatic	Freshwater	Drinking water	Filtered water						
4547	Environmental	Aquatic	Freshwater	Drinking water	Unchlorinated						
4057	Environmental	Aquatic	Freshwater	Drinking water	Unclassified						
4164	Environmental	Aquatic	Freshwater	Groundwater	Acid Mine Drainage						
4167	Environmental	Aquatic	Freshwater	Groundwater	Cave water						
4169	Environmental	Aquatic	Freshwater	Groundwater	Coalbed water						
4166	Environmental	Aquatic	Freshwater	Groundwater	Contaminated						
4168	Environmental	Aquatic	Freshwater	Groundwater	Mine						
4170	Environmental	Aquatic	Freshwater	Groundwater	Mine drainage						
4654	Environmental	Aquatic	Freshwater	Groundwater	Spring						
4165	Environmental	Aquatic	Freshwater	Groundwater	Unclassified						
4420	Environmental	Aquatic	Freshwater	Harbor	Unclassified						
4060	Environmental	Aquatic	Freshwater	Ice	Glacial lake						
4063	Environmental	Aquatic	Freshwater	Ice	Glacier						
4062	Environmental	Aquatic	Freshwater	Ice	Ice accretions						
4061	Environmental	Aquatic	Freshwater	Ice	Unclassified						
4426	Environmental	Aquatic	Freshwater	Lake	Sediment						
4179	Environmental	Aquatic	Freshwater	Lake	Unclassified						
4177	Environmental	Aquatic	Freshwater	Lentic	Epilimnion						
4173	Environmental	Aquatic	Freshwater	Lentic	Hypolimnion						
4176	Environmental	Aquatic	Freshwater	Lentic	Limnetic zone						
4178	Environmental	Aquatic	Freshwater	Lentic	Littoral zone						
4175	Environmental	Aquatic	Freshwater	Lentic	Sediment						
4174	Environmental	Aquatic	Freshwater	Lentic	Unclassified						
4645	Environmental	Aquatic	Freshwater	Lotic	Unclassified						
4191	Environmental	Aquatic	Freshwater	Microbialites	Unclassified						
4180	Environmental	Aquatic	Freshwater	Pond	Sediment						
4380	Environmental	Aquatic	Freshwater	Pond	Unclassified						
5237	Environmental	Aquatic	Freshwater	Reservoir	Unclassified						
5109	Environmental	Aquatic	Freshwater	River	Sediment						
4512	Environmental	Aquatic	Freshwater	River	Unclassified						
4171	Environmental	Aquatic	Freshwater	Sediment	Unclassified						
4653	Environmental	Aquatic	Freshwater	Sinkhole	Unclassified						
4190	Environmental	Aquatic	Freshwater	Storm water	Drainage pipe biofilm						
4189	Environmental	Aquatic	Freshwater	Storm water	Unclassified						
4737	Environmental	Aquatic	Freshwater	Subglacial lake	Unclassified						
4562	Environmental	Aquatic	Freshwater	Subterranean lake	Unclassified						
4159	Environmental	Aquatic	Freshwater	Unclassified	Unclassified						
5210	Environmental	Aquatic	Freshwater	Water tank	Unclassified						
4185	Environmental	Aquatic	Freshwater	Wetlands	Bog						
4184	Environmental	Aquatic	Freshwater	Wetlands	Marsh						
4183	Environmental	Aquatic	Freshwater	Wetlands	Sediment						
4182	Environmental	Aquatic	Freshwater	Wetlands	Swamp						
4181	Environmental	Aquatic	Freshwater	Wetlands	Unclassified						
4045	Environmental	Aquatic	Marine	Coastal	Sediment						
4044	Environmental	Aquatic	Marine	Coastal	Unclassified						
4024	Environmental	Aquatic	Marine	Cold seeps	Sediment						
4023	Environmental	Aquatic	Marine	Cold seeps	Unclassified						
4000	Environmental	Aquatic	Marine	Fossil	Whale fall						
4576	Environmental	Aquatic	Marine	Gulf	Unclassified						
4454	Environmental	Aquatic	Marine	Harbor	Unclassified						
4031	Environmental	Aquatic	Marine	Hydrothermal vents	Black smokers						
4030	Environmental	Aquatic	Marine	Hydrothermal vents	Diffuse flow						
4028	Environmental	Aquatic	Marine	Hydrothermal vents	Microbial mats						
4029	Environmental	Aquatic	Marine	Hydrothermal vents	Sediment						
4027	Environmental	Aquatic	Marine	Hydrothermal vents	Unclassified						
4574	Environmental	Aquatic	Marine	Inlet	Unclassified						
4017	Environmental	Aquatic	Marine	Intertidal zone	Beach						
4014	Environmental	Aquatic	Marine	Intertidal zone	Coral reef						
4015	Environmental	Aquatic	Marine	Intertidal zone	Estuary						
4018	Environmental	Aquatic	Marine	Intertidal zone	Mangrove swamp						
4019	Environmental	Aquatic	Marine	Intertidal zone	Microbialites						
4020	Environmental	Aquatic	Marine	Intertidal zone	Oil-contaminated						
4012	Environmental	Aquatic	Marine	Intertidal zone	Salt marsh						
4016	Environmental	Aquatic	Marine	Intertidal zone	Sediment						
4013	Environmental	Aquatic	Marine	Intertidal zone	Unclassified						
4032	Environmental	Aquatic	Marine	Marginal Sea	Unclassified						
4545	Environmental	Aquatic	Marine	Mud volcano	Unclassified						
4033	Environmental	Aquatic	Marine	Neritic zone	Oil-contaminated sediment						
4035|4048	Environmental	Aquatic	Marine	Neritic zone	Sediment						
4034	Environmental	Aquatic	Marine	Neritic zone	Unclassified						
4006	Environmental	Aquatic	Marine	Oceanic	Abyssal plane						
4010	Environmental	Aquatic	Marine	Oceanic	Aphotic zone						
4040	Environmental	Aquatic	Marine	Oceanic	Benthic						
4656	Environmental	Aquatic	Marine	Oceanic	Crustal Fluids						
4557	Environmental	Aquatic	Marine	Oceanic	Microbial mats						
4636	Environmental	Aquatic	Marine	Oceanic	Oceanic crust						
4011	Environmental	Aquatic	Marine	Oceanic	Oil-contaminated						
4007	Environmental	Aquatic	Marine	Oceanic	Oil-contaminated sediment						
4004	Environmental	Aquatic	Marine	Oceanic	Photic zone						
4009	Environmental	Aquatic	Marine	Oceanic	Sediment						
4008	Environmental	Aquatic	Marine	Oceanic	Unclassified						
4026	Environmental	Aquatic	Marine	Oil seeps	Unclassified						
4021	Environmental	Aquatic	Marine	Pelagic	Unclassified						
4686	Environmental	Aquatic	Marine	Seaweed	Unclassified						
4564	Environmental	Aquatic	Marine	Sediment	Unclassified						
4516	Environmental	Aquatic	Marine	Strait	Unclassified						
4647	Environmental	Aquatic	Marine	Subtidal zone	Sediment						
4002	Environmental	Aquatic	Marine	Unclassified	Oil-contaminated sediment						
4003	Environmental	Aquatic	Marine	Unclassified	Unclassified						
4022	Environmental	Aquatic	Marine	Volcanic	Unclassified						
4056	Environmental	Aquatic	Marine	Wetlands	Sediment						
4055	Environmental	Aquatic	Marine	Wetlands	Unclassified						
3969	Environmental	Aquatic	Non-marine Saline and Alkaline	Alkaline	Carbonate						
3967	Environmental	Aquatic	Non-marine Saline and Alkaline	Alkaline	Microbial mats						
3968	Environmental	Aquatic	Non-marine Saline and Alkaline	Alkaline	Sediment						
3966	Environmental	Aquatic	Non-marine Saline and Alkaline	Alkaline	Unclassified						
4695	Environmental	Aquatic	Non-marine Saline and Alkaline	Fracking water	Unclassified						
3979	Environmental	Aquatic	Non-marine Saline and Alkaline	Hypersaline	Microbial mats						
3980	Environmental	Aquatic	Non-marine Saline and Alkaline	Hypersaline	Sediment						
3978	Environmental	Aquatic	Non-marine Saline and Alkaline	Hypersaline	Unclassified						
3983	Environmental	Aquatic	Non-marine Saline and Alkaline	Near-boiling (>90C)	Alkaline						
3971	Environmental	Aquatic	Non-marine Saline and Alkaline	Saline	Athalassic						
3977	Environmental	Aquatic	Non-marine Saline and Alkaline	Saline	Epilimnion						
3972	Environmental	Aquatic	Non-marine Saline and Alkaline	Saline	Hypolimnion						
3974	Environmental	Aquatic	Non-marine Saline and Alkaline	Saline	Microbial mats						
3975	Environmental	Aquatic	Non-marine Saline and Alkaline	Saline	Sediment						
3976	Environmental	Aquatic	Non-marine Saline and Alkaline	Saline	Thalassic						
3973	Environmental	Aquatic	Non-marine Saline and Alkaline	Saline	Unclassified						
3982	Environmental	Aquatic	Non-marine Saline and Alkaline	Salt crystallizer ponds	Microbial mats						
3981	Environmental	Aquatic	Non-marine Saline and Alkaline	Salt crystallizer ponds	Unclassified						
3970	Environmental	Aquatic	Non-marine Saline and Alkaline	Unclassified	Unclassified						
3985	Environmental	Aquatic	Sediment	Unclassified	Unclassified						
3995	Environmental	Aquatic	Thermal springs	Hot (42-90C)	Acidic						
3994	Environmental	Aquatic	Thermal springs	Hot (42-90C)	Alkaline						
4655	Environmental	Aquatic	Thermal springs	Hot (42-90C)	Microbial mats						
3998	Environmental	Aquatic	Thermal springs	Hot (42-90C)	Neutral						
3997	Environmental	Aquatic	Thermal springs	Hot (42-90C)	Sediment						
3992	Environmental	Aquatic	Thermal springs	Hot (42-90C)	Unclassified						
3993	Environmental	Aquatic	Thermal springs	Near-boiling (>90C)	Alkaline						
4818	Environmental	Aquatic	Thermal springs	Near-boiling (>90C)	Unclassified						
3999	Environmental	Aquatic	Thermal springs	Sediment	Unclassified						
3990	Environmental	Aquatic	Thermal springs	Tepid (25-34C)	Sediment						
3989	Environmental	Aquatic	Thermal springs	Tepid (25-34C)	Unclassified						
3991	Environmental	Aquatic	Thermal springs	Unclassified	Unclassified						
4546	Environmental	Aquatic	Thermal springs	Warm (34-42C)	Acidic						
3987	Environmental	Aquatic	Thermal springs	Warm (34-42C)	Neutral						
3988	Environmental	Aquatic	Thermal springs	Warm (34-42C)	Sediment						
3986	Environmental	Aquatic	Thermal springs	Warm (34-42C)	Unclassified						
3984	Environmental	Aquatic	Unclassified	Unclassified	Unclassified						
4706	Environmental	Terrestrial	Agricultural field	Paddy soil	Unclassified						
4199	Environmental	Terrestrial	Agricultural field	Unclassified	Unclassified						
4195	Environmental	Terrestrial	Asphalt lakes	Tar	Unclassified						
4718	Environmental	Terrestrial	Asphalt lakes	Unclassified	Unclassified						
4491	Environmental	Terrestrial	Cave	Unclassified	Unclassified						
4643	Environmental	Terrestrial	Cave	Wall	Biofilm						
4822	Environmental	Terrestrial	Cave	Wall	Unclassified						
4423	Environmental	Terrestrial	Deep subsurface	Aquifer	Unclassified						
4246	Environmental	Terrestrial	Deep subsurface	Clay	Unclassified						
4533	Environmental	Terrestrial	Deep subsurface	Fracking water	Unclassified						
4605	Environmental	Terrestrial	Deep subsurface	Oil well	Unclassified						
4245	Environmental	Terrestrial	Deep subsurface	Unclassified	Unclassified						
4607	Environmental	Terrestrial	Deep subsurface	Water well	Unclassified						
4668	Environmental	Terrestrial	Floodplain	Sediment	Unclassified						
4716	Environmental	Terrestrial	Floodplain	Unclassified	Unclassified						
4193	Environmental	Terrestrial	Geologic	Mine	Unclassified						
4543	Environmental	Terrestrial	Geologic	Sediment	Unclassified						
4192	Environmental	Terrestrial	Geologic	Unclassified	Unclassified						
4689	Environmental	Terrestrial	Mud volcano	Unclassified	Unclassified						
4841	Environmental	Terrestrial	Nest	Alligator nest	Unclassified						
4194	Environmental	Terrestrial	Oil reservoir	Unclassified	Unclassified						
4553	Environmental	Terrestrial	Peat	Unclassified	Unclassified						
4541	Environmental	Terrestrial	Plant litter	Unclassified	Unclassified						
4650	Environmental	Terrestrial	Rock-dwelling (endoliths)	Unclassified	Unclassified						
4201	Environmental	Terrestrial	Rock-dwelling (subaerial biofilms)	Unclassified	Unclassified						
4711	Environmental	Terrestrial	Soil	Biocrust	Unclassified						
4230	Environmental	Terrestrial	Soil	Clay	Agricultural land						
4231	Environmental	Terrestrial	Soil	Clay	Contaminated						
4228	Environmental	Terrestrial	Soil	Clay	Grasslands						
4232	Environmental	Terrestrial	Soil	Clay	Oil-contaminated						
4229	Environmental	Terrestrial	Soil	Clay	Unclassified						
4765	Environmental	Terrestrial	Soil	Crop	Unclassified						
4418	Environmental	Terrestrial	Soil	Fossil	Unclassified						
4745	Environmental	Terrestrial	Soil	Glacier	Unclassified						
4237	Environmental	Terrestrial	Soil	Loam	Agricultural						
4242	Environmental	Terrestrial	Soil	Loam	Agricultural land						
4244	Environmental	Terrestrial	Soil	Loam	Agricultural soil						
4243	Environmental	Terrestrial	Soil	Loam	Contaminated						
4239	Environmental	Terrestrial	Soil	Loam	Forest soil						
4238	Environmental	Terrestrial	Soil	Loam	Grasslands						
4241	Environmental	Terrestrial	Soil	Loam	Unclassified						
4202	Environmental	Terrestrial	Soil	Sand	Desert						
4224	Environmental	Terrestrial	Soil	Sand	Forest soil						
4223	Environmental	Terrestrial	Soil	Sand	Grasslands						
4204	Environmental	Terrestrial	Soil	Sand	Oil-contaminated						
4203	Environmental	Terrestrial	Soil	Sand	Unclassified						
4227	Environmental	Terrestrial	Soil	Silt	Unclassified						
4578	Environmental	Terrestrial	Soil	Soil crust	Unclassified						
4207	Environmental	Terrestrial	Soil	Unclassified	Agricultural						
4213	Environmental	Terrestrial	Soil	Unclassified	Agricultural land						
4217	Environmental	Terrestrial	Soil	Unclassified	Boreal forest						
4215	Environmental	Terrestrial	Soil	Unclassified	Contaminated						
4210	Environmental	Terrestrial	Soil	Unclassified	Desert						
4205	Environmental	Terrestrial	Soil	Unclassified	Forest Soil						
4209	Environmental	Terrestrial	Soil	Unclassified	Grasslands						
4218	Environmental	Terrestrial	Soil	Unclassified	Mine						
4221	Environmental	Terrestrial	Soil	Unclassified	Mine drainage						
4220	Environmental	Terrestrial	Soil	Unclassified	Oil-contaminated						
4206	Environmental	Terrestrial	Soil	Unclassified	Permafrost						
5244	Environmental	Terrestrial	Soil	Unclassified	Riparian soil						
4214	Environmental	Terrestrial	Soil	Unclassified	Shrubland						
4216	Environmental	Terrestrial	Soil	Unclassified	Tropical rainforest						
4212	Environmental	Terrestrial	Soil	Unclassified	Unclassified						
4211	Environmental	Terrestrial	Soil	Unclassified	Uranium contaminated						
4234	Environmental	Terrestrial	Soil	Wetlands	Permafrost						
4235	Environmental	Terrestrial	Soil	Wetlands	Unclassified						
4198	Environmental	Terrestrial	Unclassified	Unclassified	Unclassified						
4196	Environmental	Terrestrial	Volcanic	Fumaroles	Unclassified						
4197	Environmental	Terrestrial	Volcanic	Unclassified	Unclassified						
3964	Environmental	Unclassified	Unclassified	Unclassified	Unclassified						
3960	Host-associated	Algae	Brown Algae	Unclassified	Unclassified						
4675	Host-associated	Algae	Diatoms	Unclassified	Unclassified						
4835	Host-associated	Algae	Golden Algae	Unclassified	Unclassified						
3956	Host-associated	Algae	Green algae	Ectosymbionts	Unclassified						
4760	Host-associated	Algae	Green algae	Unclassified	Unclassified						
4678	Host-associated	Algae	Haptophytes	Unclassified	Unclassified						
4815	Host-associated	Algae	Microalgae	Unclassified	Unclassified						
3958	Host-associated	Algae	Red algae	Ectosymbionts	Unclassified						
3959	Host-associated	Algae	Red algae	Unclassified	Unclassified						
3957	Host-associated	Algae	Unclassified	Unclassified	Unclassified						
4829	Host-associated	Algae	Yellow-green algae	Unclassified	Unclassified						
5167	Host-associated	Amphibia	Digestive system	Intestine	Unclassified						
4083	Host-associated	Amphibia	Digestive system	Unclassified	Unclassified						
5148	Host-associated	Amphibia	Excretory system	Kidney	Unclassified						
5165	Host-associated	Amphibia	Excretory system	Liver	Unclassified						
4085	Host-associated	Amphibia	Excretory system	Unclassified	Unclassified						
5170	Host-associated	Amphibia	Respiratory system	Lung	Unclassified						
4084	Host-associated	Amphibia	Unclassified	Unclassified	Unclassified						
5070	Host-associated	Annelida	Digestive system	Crop	Unclassified						
4329	Host-associated	Annelida	Digestive system	Digestive tube	Extracellular symbionts						
4767	Host-associated	Annelida	Digestive system	Digestive tube	Unclassified						
4330	Host-associated	Annelida	Digestive system	Unclassified	Unclassified						
5195	Host-associated	Annelida	Excretory system	Nephridia	Unclassified						
4821	Host-associated	Annelida	Gills	Unclassified	Unclassified						
4337	Host-associated	Annelida	Integument	Cuticle	Epibionts						
4768	Host-associated	Annelida	Integument	Cuticle	Unclassified						
4335	Host-associated	Annelida	Integument	Subcuticular space	Extracellular symbionts						
4769	Host-associated	Annelida	Integument	Subcuticular space	Unclassified						
4336	Host-associated	Annelida	Integument	Unclassified	Unclassified						
4334	Host-associated	Annelida	Intracellular endosymbionts	Trophosome	Unclassified						
4332	Host-associated	Annelida	Reproductive system	Egg capsule	Extracellular						
4333	Host-associated	Annelida	Reproductive system	Egg capsule	Unclassified						
4771	Host-associated	Annelida	Reproductive system	Unclassified	Unclassified						
5115	Host-associated	Annelida	Tissue	Unclassified	Unclassified						
4331	Host-associated	Annelida	Unclassified	Unclassified	Unclassified						
4531	Host-associated	Annelida	Whole body	Unclassified	Unclassified						
4556	Host-associated	Arthropoda	Ant dump	Unclassified	Unclassified						
5208	Host-associated	Arthropoda	Ant	Cuticle	Unclassified						
4904	Host-associated	Arthropoda	Ant	Unclassified	Unclassified						
4838	Host-associated	Arthropoda	Bee	Abdomen	Unclassified						
4880	Host-associated	Arthropoda	Bee	Beehive	Honey						
4882	Host-associated	Arthropoda	Bee	Royal jelly	Unclassified						
4603	Host-associated	Arthropoda	Beetle	Unclassified	Unclassified						
5205	Host-associated	Arthropoda	Bugs	Unclassified	Unclassified						
5229	Host-associated	Arthropoda	Butterfly	Unclassified	Unclassified						
4681	Host-associated	Arthropoda	Crustacea	Copepoda	Tissue						
4774	Host-associated	Arthropoda	Crustacea	Copepoda	Unclassified						
4773	Host-associated	Arthropoda	Crustacea	Unclassified	Unclassified						
4069	Host-associated	Arthropoda	Digestive system	Foregut	Unclassified						
4070	Host-associated	Arthropoda	Digestive system	Gut	P3 segment						
4071	Host-associated	Arthropoda	Digestive system	Gut	Proctodeal segment						
4072	Host-associated	Arthropoda	Digestive system	Gut	Unclassified						
4955	Host-associated	Arthropoda	Digestive system	Hindgut	Fecal						
4068	Host-associated	Arthropoda	Digestive system	Hindgut	P1 segment						
4066	Host-associated	Arthropoda	Digestive system	Hindgut	P3 segment						
4067	Host-associated	Arthropoda	Digestive system	Hindgut	Unclassified						
4064	Host-associated	Arthropoda	Digestive system	Midgut	Unclassified						
4065	Host-associated	Arthropoda	Digestive system	Unclassified	Unclassified						
5108	Host-associated	Arthropoda	Grasshopper	Unclassified	Unclassified						
4081	Host-associated	Arthropoda	Integument	Cuticle	Thoracic segments						
4082	Host-associated	Arthropoda	Integument	Cuticle	Unclassified						
4776	Host-associated	Arthropoda	Integument	Unclassified	Unclassified						
4077	Host-associated	Arthropoda	Intracellular endosymbionts	Primary	Bacteriomes						
4777	Host-associated	Arthropoda	Intracellular endosymbionts	Primary	Unclassified						
4079	Host-associated	Arthropoda	Intracellular endosymbionts	Secondary	Unclassified						
4078	Host-associated	Arthropoda	Intracellular endosymbionts	Unclassified	Unclassified						
5202	Host-associated	Arthropoda	Lobster	Unclassified	Unclassified						
5118	Host-associated	Arthropoda	Mealybug	Unclassified	Unclassified						
5093	Host-associated	Arthropoda	Mosquito	Gut	Unclassified						
4590	Host-associated	Arthropoda	Mosquito	Unclassified	Unclassified						
5105	Host-associated	Arthropoda	Moth	Unclassified	Unclassified						
4624	Host-associated	Arthropoda	Oral fluid	Unclassified	Pollen						
4429	Host-associated	Arthropoda	Reproductive system	Ovaries	Unclassified						
4779	Host-associated	Arthropoda	Reproductive system	Unclassified	Unclassified						
4080	Host-associated	Arthropoda	Respiratory system	Gills	Unclassified						
4781	Host-associated	Arthropoda	Respiratory system	Unclassified	Unclassified						
5220	Host-associated	Arthropoda	Shrimp	Hepatopancreas	Unclassified						
5146	Host-associated	Arthropoda	Spider	Unclassified	Unclassified						
4076	Host-associated	Arthropoda	Symbiotic fungal gardens and galleries	Fungus gallery	Unclassified						
4075	Host-associated	Arthropoda	Symbiotic fungal gardens and galleries	Fungus garden	Garden dump						
4074	Host-associated	Arthropoda	Symbiotic fungal gardens and galleries	Fungus garden	Unclassified						
4073	Host-associated	Arthropoda	Symbiotic fungal gardens and galleries	Unclassified	Unclassified						
4457	Host-associated	Arthropoda	Tissue	Unclassified	Unclassified						
3901	Host-associated	Arthropoda	Unclassified	Unclassified	Unclassified						
4153	Host-associated	Birds	Circulatory system	Blood	Unclassified						
4786	Host-associated	Birds	Circulatory system	Unclassified	Unclassified						
4148	Host-associated	Birds	Digestive system	Ceca	Lumen						
4147	Host-associated	Birds	Digestive system	Ceca	Unclassified						
4641	Host-associated	Birds	Digestive system	Cloaca	Unclassified						
4151	Host-associated	Birds	Digestive system	Crop	Lumen						
4782	Host-associated	Birds	Digestive system	Crop	Unclassified						
4149	Host-associated	Birds	Digestive system	Digestive tube	Cecum						
4783	Host-associated	Birds	Digestive system	Digestive tube	Unclassified						
4146	Host-associated	Birds	Digestive system	Fecal	Unclassified						
5066	Host-associated	Birds	Digestive system	Intestine	Unclassified						
4957	Host-associated	Birds	Digestive system	Large intestine	Fecal						
4152	Host-associated	Birds	Digestive system	Small intestine	Duodenal						
4784	Host-associated	Birds	Digestive system	Small intestine	Unclassified						
4150	Host-associated	Birds	Digestive system	Unclassified	Unclassified						
5235	Host-associated	Birds	Excretory system	Liver	Unclassified						
5135	Host-associated	Birds	Lymphatic system	Spleen	Unclassified						
4157	Host-associated	Birds	Reproductive system	Unclassified	Unclassified						
4876	Host-associated	Birds	Respiratory system	Lung	Unclassified						
4155	Host-associated	Birds	Respiratory system	Unclassified	Unclassified						
4447	Host-associated	Birds	Skin	Unclassified	Unclassified						
4154	Host-associated	Birds	Unclassified	Unclassified	Unclassified						
4963	Host-associated	Cephalochordata	Digestive system	Intestine	Fecal						
5173	Host-associated	Cephalochordata	Unclassified	Unclassified	Unclassified						
5156	Host-associated	Chordata	Unclassified	Unclassified	Unclassified						
4732	Host-associated	Endosymbionts	Bacteria	Unclassified	Unclassified						
4734	Host-associated	Endosymbionts	Fungi	Unclassified	Unclassified						
4751	Host-associated	Endosymbionts	Unclassified	Unclassified	Unclassified						
5054	Host-associated	Fish	Abdomen	Ascites	Unclassified						
3902	Host-associated	Fish	Circulatory system	Blood	Unclassified						
4788	Host-associated	Fish	Circulatory system	Unclassified	Unclassified						
4789	Host-associated	Fish	Digestive system	Foregut	Unclassified						
4968	Host-associated	Fish	Digestive system	Intestine	Fecal						
4092	Host-associated	Fish	Digestive system	Intestine	Unclassified						
4090	Host-associated	Fish	Digestive system	Unclassified	Unclassified						
4097	Host-associated	Fish	Excretory system	Kidneys	Unclassified						
5150	Host-associated	Fish	Excretory system	Liver	Unclassified						
4791	Host-associated	Fish	Excretory system	Unclassified	Unclassified						
4096	Host-associated	Fish	Reproductive system	Unclassified	Unclassified						
4921	Host-associated	Fish	Respiratory system	Gill	Unclassified						
5152	Host-associated	Fish	Respiratory system	Lung	Unclassified						
4422	Host-associated	Fish	Skin	Epidermal mucus	Unclassified						
4740	Host-associated	Fish	Skin	Scales	Unclassified						
4094	Host-associated	Fish	Skin	Slime	Unclassified						
4093	Host-associated	Fish	Skin	Unclassified	Unclassified						
4714	Host-associated	Fish	Tissue	Unclassified	Unclassified						
4095	Host-associated	Fish	Unclassified	Unclassified	Unclassified						
4743	Host-associated	Fish	Whole body	Carcass	Decomposed						
4794	Host-associated	Fish	Whole body	Carcass	Unclassified						
4793	Host-associated	Fish	Whole body	Unclassified	Unclassified						
4550	Host-associated	Fungi	Fruiting body	Unclassified	Unclassified						
4412	Host-associated	Fungi	Lichen	Unclassified	Unclassified						
4463	Host-associated	Fungi	Mycelium	Unclassified	Unclassified						
4528	Host-associated	Fungi	Sclerotium	Unclassified	Unclassified						
4098	Host-associated	Fungi	Unclassified	Unclassified	Unclassified						
5102	Host-associated	Horse	Circulatory system	Blood	Unclassified						
5064	Host-associated	Horse	Digestive system	Large intestine	Cecum						
5060	Host-associated	Horse	Digestive system	Large intestine	Fecal						
5034	Host-associated	Horse	Excretory system	Urethra	Urine						
5099	Host-associated	Horse	Respiratory system	Lung	Unclassified						
5057	Host-associated	Horse	Respiratory system	Nasopharyngeal	Unclassified						
5063	Host-associated	Horse	Tooth	Unclassified	Unclassified						
4476	Host-associated	Horse	Unclassified	Unclassified	Unclassified						
5120	Host-associated	Human	Abdomen	Peritoneal dialysate	Unclassified						
5037	Host-associated	Human	Abdomen	Peritoneal fluid	Unclassified						
5077	Host-associated	Human	Bone	Bone marrow	Unclassified						
4581	Host-associated	Human	Bone	Unclassified	Unclassified						
4832	Host-associated	Human	Cell Line	HeLa	Unclassified						
4416	Host-associated	Human	Circulatory system	Blood	Plasma						
4430	Host-associated	Human	Circulatory system	Blood	Serum						
3932	Host-associated	Human	Circulatory system	Blood	Unclassified						
5075	Host-associated	Human	Circulatory system	Heart	Heart valve						
4998	Host-associated	Human	Circulatory system	Heart	Unclassified						
4764	Host-associated	Human	Circulatory system	Unclassified	Unclassified						
4762	Host-associated	Human	Digestive system	Hindgut	Unclassified						
3924	Host-associated	Human	Digestive system	Intestine	Unclassified						
5029	Host-associated	Human	Digestive system	Large intestine	Colon						
5028	Host-associated	Human	Digestive system	Large intestine	Descending colon						
3920	Host-associated	Human	Digestive system	Large intestine	Fecal						
5030	Host-associated	Human	Digestive system	Large intestine	Rectum						
3921	Host-associated	Human	Digestive system	Large intestine	Sigmoid colon						
3922	Host-associated	Human	Digestive system	Large intestine	Unclassified						
3910	Host-associated	Human	Digestive system	Oral cavity	Attached/Keratinized gingiva						
3915	Host-associated	Human	Digestive system	Oral cavity	Buccal mucosa						
5038	Host-associated	Human	Digestive system	Oral cavity	Dental plaque						
5083	Host-associated	Human	Digestive system	Oral cavity	Dental pulp						
5192	Host-associated	Human	Digestive system	Oral cavity	Gingival crevice						
3918	Host-associated	Human	Digestive system	Oral cavity	Hard palate						
3909	Host-associated	Human	Digestive system	Oral cavity	Palatine tonsils						
3908	Host-associated	Human	Digestive system	Oral cavity	Periodontal pockets						
3907	Host-associated	Human	Digestive system	Oral cavity	Saliva						
3913	Host-associated	Human	Digestive system	Oral cavity	Subgingival plaque						
3916	Host-associated	Human	Digestive system	Oral cavity	Supragingival plaque						
3914	Host-associated	Human	Digestive system	Oral cavity	Throat						
3912	Host-associated	Human	Digestive system	Oral cavity	Unclassified						
3911	Host-associated	Human	Digestive system	Oral cavity	tongue dorsum						
5023	Host-associated	Human	Digestive system	Small intestine	Duodenum						
5025	Host-associated	Human	Digestive system	Small intestine	Ileum						
5126	Host-associated	Human	Digestive system	Stomach	Gastric biopsy						
5079	Host-associated	Human	Digestive system	Stomach	Gastric mucosa						
5080	Host-associated	Human	Digestive system	Stomach	Unclassified						
3919	Host-associated	Human	Digestive system	Unclassified	Unclassified						
5002	Host-associated	Human	Ear	Ear fluid	Unclassified						
4502	Host-associated	Human	Ear	Unclassified	Unclassified						
5027	Host-associated	Human	Excretory system	Gallbladder	Unclassified						
5024	Host-associated	Human	Excretory system	Liver	Bile						
5000	Host-associated	Human	Excretory system	Liver	Unclassified						
4144	Host-associated	Human	Excretory system	Unclassified	Unclassified						
4761	Host-associated	Human	Excretory system	Urethra	Unclassified						
4145	Host-associated	Human	Excretory system	Urethra	Urine						
4996	Host-associated	Human	Excretory system	Urinary bladder	Unclassified						
5082	Host-associated	Human	Excretory system	Urinary tract	Unclassified						
5240	Host-associated	Human	Eye	Conjunctiva	Unclassified						
4499	Host-associated	Human	Eye	Unclassified	Unclassified						
4584	Host-associated	Human	Hair	Unclassified	Unclassified						
4128	Host-associated	Human	Lymphatic system	Lymph nodes	Unclassified						
5085	Host-associated	Human	Lymphatic system	Spleen	Unclassified						
4797	Host-associated	Human	Lymphatic system	Unclassified	Unclassified						
4129	Host-associated	Human	Milk	Unclassified	Unclassified						
4496	Host-associated	Human	Nervous system	Brain	Unclassified						
3933	Host-associated	Human	Nervous system	Cerebrospinal fluid	Unclassified						
3934	Host-associated	Human	Nervous system	Unclassified	Unclassified						
5073	Host-associated	Human	Pus	Unclassified	Unclassified						
4870	Host-associated	Human	Reproductive system	Amniotic sac	Amniotic fluid						
5089	Host-associated	Human	Reproductive system	Breast	Unclassified						
4982	Host-associated	Human	Reproductive system	Cervix	Unclassified						
4900	Host-associated	Human	Reproductive system	Penis	Unclassified						
5019	Host-associated	Human	Reproductive system	Prostate	Unclassified						
4143	Host-associated	Human	Reproductive system	Unclassified	Unclassified						
4141	Host-associated	Human	Reproductive system	Vagina	Introitus						
4139	Host-associated	Human	Reproductive system	Vagina	Midpoint vagina						
4140	Host-associated	Human	Reproductive system	Vagina	Unclassified						
4142	Host-associated	Human	Reproductive system	Vagina	posterior fornix						
5251	Host-associated	Human	Respiratory system	Lung	Bronchi						
5074	Host-associated	Human	Respiratory system	Lung	Empyema						
5005	Host-associated	Human	Respiratory system	Lung	Pleural fluid						
5252	Host-associated	Human	Respiratory system	Lung	Pulmonary fluid						
5004	Host-associated	Human	Respiratory system	Lung	Unclassified						
4132	Host-associated	Human	Respiratory system	Nasopharyngeal	Pharynx						
4131	Host-associated	Human	Respiratory system	Nasopharyngeal	Unclassified						
4130	Host-associated	Human	Respiratory system	Nasopharyngeal	anterior nares						
4133	Host-associated	Human	Respiratory system	Pulmonary system	Unclassified						
5009	Host-associated	Human	Respiratory system	Sputum	Unclassified						
5007	Host-associated	Human	Respiratory system	Throat	Unclassified						
5021	Host-associated	Human	Respiratory system	Trachea	Unclassified						
4137	Host-associated	Human	Respiratory system	Unclassified	Unclassified						
5250	Host-associated	Human	Skeletal system	Bone	Unclassified						
5213	Host-associated	Human	Skeletal system	Synovial membrane	Synovial fluid						
3926	Host-associated	Human	Skin	Axilla	Unclassified						
4795	Host-associated	Human	Skin	Medial distal leg	Unclassified						
3931	Host-associated	Human	Skin	Medial distal leg	Venous leg ulcers						
3929	Host-associated	Human	Skin	Naris	Unclassified						
3925	Host-associated	Human	Skin	Umbilicus	Unclassified						
3928	Host-associated	Human	Skin	Unclassified	Unclassified						
3927	Host-associated	Human	Skin	Volar forearm	Unclassified						
3930	Host-associated	Human	Skin	retroauricular crease	Unclassified						
4826	Host-associated	Human	Soft tissue	Unclassified	Unclassified						
5256	Host-associated	Human	Thorax	Unclassified	Unclassified						
5091	Host-associated	Human	Tooth	Enamel	Unclassified						
4587	Host-associated	Human	Tooth	Unclassified	Unclassified						
4138	Host-associated	Human	Unclassified	Unclassified	Unclassified						
5051	Host-associated	Insecta	Digestive system	Intestine	Unclassified						
4319	Host-associated	Insecta	Digestive system	Unclassified	Unclassified						
4320	Host-associated	Insecta	Unclassified	Unclassified	Unclassified						
4087	Host-associated	Invertebrates	Bryozoans	Gymnolaemates	Unclassified						
4799	Host-associated	Invertebrates	Bryozoans	Unclassified	Unclassified						
4651	Host-associated	Invertebrates	Cnidaria	Coral	Surface						
4088	Host-associated	Invertebrates	Cnidaria	Coral	Unclassified						
4801	Host-associated	Invertebrates	Cnidaria	Unclassified	Unclassified						
4615	Host-associated	Invertebrates	Ctenophora	Unclassified	Unclassified						
4683	Host-associated	Invertebrates	Echinodermata	Sea Star	Unclassified						
4089	Host-associated	Invertebrates	Echinodermata	Sea Urchin	Unclassified						
5248	Host-associated	Invertebrates	Echinodermata	Sea cucumber	Unclassified						
4803	Host-associated	Invertebrates	Echinodermata	Unclassified	Unclassified						
5246	Host-associated	Invertebrates	Nematoda	Digestive system	Intestine						
4425	Host-associated	Invertebrates	Nematoda	Unclassified	Unclassified						
4736	Host-associated	Invertebrates	Platyhelminthes	Unclassified	Unclassified						
4754	Host-associated	Invertebrates	Unclassified	Unclassified	Unclassified						
5112	Host-associated	Mammals	Circulatory system	Blood	Peripheral blood mononuclear cells						
4114	Host-associated	Mammals	Circulatory system	Blood	Unclassified						
4988	Host-associated	Mammals	Circulatory system	Heart	Unclassified						
4115	Host-associated	Mammals	Circulatory system	Unclassified	Unclassified						
4898	Host-associated	Mammals	Digestive system	Fecal	Unclassified						
4108	Host-associated	Mammals	Digestive system	Foregut	Rumen						
4381	Host-associated	Mammals	Digestive system	Foregut	Unclassified						
5011	Host-associated	Mammals	Digestive system	Hindgut	Rectum						
5043	Host-associated	Mammals	Digestive system	Intestine	Unclassified						
4105	Host-associated	Mammals	Digestive system	Large intestine	Cecum						
5041	Host-associated	Mammals	Digestive system	Large intestine	Colon						
4858	Host-associated	Mammals	Digestive system	Large intestine	Cow Dung						
4104	Host-associated	Mammals	Digestive system	Large intestine	Fecal						
4106	Host-associated	Mammals	Digestive system	Large intestine	Unclassified						
4103	Host-associated	Mammals	Digestive system	Midgut	Unclassified						
4110	Host-associated	Mammals	Digestive system	Oral cavity	Buccal mucosa						
5031	Host-associated	Mammals	Digestive system	Oral cavity	Dental plaque						
5121	Host-associated	Mammals	Digestive system	Oral cavity	Gingiva						
5097	Host-associated	Mammals	Digestive system	Oral cavity	Gingival sulcus						
5017	Host-associated	Mammals	Digestive system	Oral cavity	Periodontal pockets						
4992	Host-associated	Mammals	Digestive system	Oral cavity	Saliva						
4109	Host-associated	Mammals	Digestive system	Oral cavity	Unclassified						
5253	Host-associated	Mammals	Digestive system	Small intestine	Jejunum						
5040	Host-associated	Mammals	Digestive system	Small intestine	Unclassified						
4113	Host-associated	Mammals	Digestive system	Stomach	Endoperitrophic space						
5206	Host-associated	Mammals	Digestive system	Stomach	Gastric mucosa						
4111	Host-associated	Mammals	Digestive system	Stomach	Rumen						
4112	Host-associated	Mammals	Digestive system	Stomach	Unclassified						
4984	Host-associated	Mammals	Digestive system	Throat	Unclassified						
4107	Host-associated	Mammals	Digestive system	Unclassified	Unclassified						
4850	Host-associated	Mammals	Ear	Ear discharge	Unclassified						
5049	Host-associated	Mammals	Ear	Unclassified	Unclassified						
5132	Host-associated	Mammals	Excretory system	Liver	Unclassified						
3903	Host-associated	Mammals	Excretory system	Unclassified	Unclassified						
4852	Host-associated	Mammals	Excretory system	Urine	Unclassified						
4991	Host-associated	Mammals	Eye	Unclassified	Unclassified						
3905	Host-associated	Mammals	Gastrointestinal tract	Intestine	Unclassified						
4701	Host-associated	Mammals	Hoof	Unclassified	Unclassified						
4127	Host-associated	Mammals	Lymphatic	Lymph nodes	Unclassified						
4126	Host-associated	Mammals	Lymphatic	Unclassified	Unclassified						
4117	Host-associated	Mammals	Milk	Unclassified	Unclassified						
4125	Host-associated	Mammals	Nervous system	Brain	Unclassified						
4124	Host-associated	Mammals	Nervous system	Unclassified	Unclassified						
4698	Host-associated	Mammals	Primate	Unclassified	Unclassified						
5096	Host-associated	Mammals	Pus	Unclassified	Unclassified						
4986	Host-associated	Mammals	Reproductive system	Udder	Unclassified						
4119	Host-associated	Mammals	Reproductive system	Unclassified	Unclassified						
4972	Host-associated	Mammals	Reproductive system	Uterus	Unclassified						
5047	Host-associated	Mammals	Reproductive system	Vagina	Unclassified						
4970	Host-associated	Mammals	Respiratory system	Laryngopharyngeal	Lymph node						
4444	Host-associated	Mammals	Respiratory system	Lung	Unclassified						
4121	Host-associated	Mammals	Respiratory system	Nasopharyngeal	Nasal cavity						
4120	Host-associated	Mammals	Respiratory system	Nasopharyngeal	Unclassified						
4980	Host-associated	Mammals	Respiratory system	Nose	Unclassified						
5045	Host-associated	Mammals	Respiratory system	Throat	Unclassified						
5175	Host-associated	Mammals	Respiratory system	Trachea	Unclassified						
4122	Host-associated	Mammals	Respiratory system	Unclassified	Unclassified						
4116	Host-associated	Mammals	Skin	Unclassified	Unclassified						
4409	Host-associated	Mammals	Tissue	Unclassified	Unclassified						
5016	Host-associated	Mammals	Tooth	Unclassified	Unclassified						
4118	Host-associated	Mammals	Unclassified	Unclassified	Unclassified						
4318	Host-associated	Microbial	Bacteria	Unclassified	Unclassified						
4316	Host-associated	Microbial	Dinoflagellates	Endosymbionts	Unclassified						
4756	Host-associated	Microbial	Dinoflagellates	Unclassified	Unclassified						
4317	Host-associated	Microbial	Unclassified	Unclassified	Unclassified						
4978	Host-associated	Mollusca	Circulatory system	Hemolymph	Unclassified						
4866	Host-associated	Mollusca	Digestive system	Ceca	Unclassified						
4323	Host-associated	Mollusca	Digestive system	Glands	Unclassified						
5068	Host-associated	Mollusca	Digestive system	Gut	Unclassified						
4322	Host-associated	Mollusca	Digestive system	Unclassified	Unclassified						
4632	Host-associated	Mollusca	Larvae	Unclassified	Unclassified						
5198	Host-associated	Mollusca	Oyster	Unclassified	Unclassified						
4325	Host-associated	Mollusca	Respiratory system	Gills	Extracellular						
4326	Host-associated	Mollusca	Respiratory system	Gills	Intracellular						
4327	Host-associated	Mollusca	Respiratory system	Gills	Unclassified						
4806	Host-associated	Mollusca	Respiratory system	Unclassified	Unclassified						
4328	Host-associated	Mollusca	Shell	Unclassified	Unclassified						
4709	Host-associated	Mollusca	Tissue	Unclassified	Unclassified						
4324	Host-associated	Mollusca	Unclassified	Unclassified	Unclassified						
5187	Host-associated	Petromyzon	Unclassified	Unclassified	Unclassified						
5217	Host-associated	Plankton	Zooplankton	Unclassified	Unclassified						
3945	Host-associated	Plants	Endosphere	Unclassified	Unclassified						
4566	Host-associated	Plants	Leaf	Leaf surface	Biofilm						
4748	Host-associated	Plants	Leaf	Leaf surface	Unclassified						
4747	Host-associated	Plants	Leaf	Unclassified	Unclassified						
4865	Host-associated	Plants	Mixed parts	Unclassified	Unclassified						
4450	Host-associated	Plants	Nodule	Unclassified	Unclassified						
4433	Host-associated	Plants	Peat moss	Unclassified	Unclassified						
3946	Host-associated	Plants	Phylloplane	Endophytes	Unclassified						
3948	Host-associated	Plants	Phylloplane	Epiphytes	Unclassified						
3947	Host-associated	Plants	Phylloplane	Unclassified	Unclassified						
4621	Host-associated	Plants	Phyllosphere	Anthosphere	Pollen						
4538	Host-associated	Plants	Phyllosphere	Anthosphere	Unclassified						
5265	Host-associated	Plants	Phyllosphere	Carposphere	Endophytes						
5264	Host-associated	Plants	Phyllosphere	Carposphere	Epiphytes						
4600	Host-associated	Plants	Phyllosphere	Carposphere	Unclassified						
4525	Host-associated	Plants	Phyllosphere	Caulosphere	Unclassified						
5268	Host-associated	Plants	Phyllosphere	Leaf	Endophytes						
5274	Host-associated	Plants	Phyllosphere	Leaf	Leaf nodule						
5269	Host-associated	Plants	Phyllosphere	Leaf	Unclassified						
5270	Host-associated	Plants	Phyllosphere	Leaf	Xylem vessels						
5266	Host-associated	Plants	Phyllosphere	Phylloplane/Leaf surface	Endophytes						
5262	Host-associated	Plants	Phyllosphere	Phylloplane/Leaf surface	Epiphytes						
5263	Host-associated	Plants	Phyllosphere	Phylloplane/Leaf surface	Unclassified						
4460	Host-associated	Plants	Phyllosphere	Unclassified	Unclassified						
5277	Host-associated	Plants	Plant callus	Unclassified	Unclassified						
3944	Host-associated	Plants	Rhizome	Epiphytes	Unclassified						
4994	Host-associated	Plants	Rhizome	Stem tuber	Unclassified						
3943	Host-associated	Plants	Rhizome	Unclassified	Unclassified						
3939	Host-associated	Plants	Rhizoplane	Endophytes	Unclassified						
4376	Host-associated	Plants	Rhizoplane	Epiphytes	Orchid rooting						
3941	Host-associated	Plants	Rhizoplane	Epiphytes	Unclassified						
3942	Host-associated	Plants	Rhizoplane	Soil	Unclassified						
3940	Host-associated	Plants	Rhizoplane	Unclassified	Unclassified						
3935	Host-associated	Plants	Rhizosphere	Epiphytes	Unclassified						
3937	Host-associated	Plants	Rhizosphere	Soil	Unclassified						
3936	Host-associated	Plants	Rhizosphere	Unclassified	Unclassified						
4523	Host-associated	Plants	Roots	Nodule	Unclassified						
4466	Host-associated	Plants	Roots	Unclassified	Unclassified						
4572	Host-associated	Plants	Seeds	Unclassified	Unclassified						
5273	Host-associated	Plants	Tissue	Unclassified	Unclassified						
3938	Host-associated	Plants	Unclassified	Unclassified	Unclassified						
4560	Host-associated	Plants	Wood	Unclassified	Unclassified						
4439	Host-associated	Porifera	Sponge	Unclassified	Unclassified						
4341	Host-associated	Porifera	Unclassified	Unclassified	Unclassified						
4626	Host-associated	Protists	Breviatea	Dinoflagellates	Unclassified						
4598	Host-associated	Protists	Breviatea	Unclassified	Unclassified						
4629	Host-associated	Protists	Dinoflagellates	Unclassified	Unclassified						
4472	Host-associated	Protists	Oomycetes	Unclassified	Unclassified						
4738	Host-associated	Protists	Unclassified	Unclassified	Unclassified						
4339	Host-associated	Protozoa	Unclassified	Unclassified	Unclassified						
5160	Host-associated	Reptilia	Digestive system	Intestine	Unclassified						
4693	Host-associated	Reptilia	Digestive system	Large intestine	Fecal						
4809	Host-associated	Reptilia	Digestive system	Large intestine	Unclassified						
4808	Host-associated	Reptilia	Digestive system	Unclassified	Unclassified						
5163	Host-associated	Reptilia	Excretory system	Liver	Unclassified						
5158	Host-associated	Reptilia	Respiratory system	Lung	Unclassified						
4975	Host-associated	Reptilia	Respiratory system	Trachea	Unclassified						
5013	Host-associated	Reptilia	Respiratory system	Unclassified	Unclassified						
3906	Host-associated	Reptilia	Unclassified	Unclassified	Unclassified						
4099	Host-associated	Tunicates	Ascidians	Unclassified	Unclassified						
4569	Host-associated	Tunicates	Unclassified	Unclassified	Unclassified						
4086	Host-associated	Unclassified	Unclassified	Unclassified	Unclassified						
